{
    "rmse": 0.6689422142228951,
    "mae": 0.5249095735137712,
    "r2": 0.321679664284481
}